Codename,Pie Installs,Oreo Installs,Total,Unnamed: 4
z2_plus,9594,1683,11277,
whyred,9170,301,9471,
potter,8351,253,8604,
santoni,5206,3237,8443,
mido,7653,244,7897,
athene,6269,0,6269,
kenzo,5443,515,5958,
tissot,4924,0,4924,
bacon,4109,0,4109,
treble,3474,532,4006,
markw,3576,0,3576,
s2,2927,321,3248,
vince,2906,189,3095,
oxygen,2241,37,2278,
sanders,1998,275,2273,
oneplus3,1751,217,1968,
land,1669,137,1806,
gemini,1536,0,1536,
zenfone3,938,114,1052,
kiwi,436,457,893,
X00TD,739,94,833,
beryllium,735,35,770,
oneplus2,733,0,733,
polaris,637,0,637,
rolex,445,128,573,
dumpling,463,0,463,
sagit,387,9,396,
cheeseburger,375,0,375,
jason,312,3,315,
x2,286,0,286,
kuntao,252,6,258,
enchilada,256,0,256,
hlte,199,0,199,
hydrogen,191,0,191,
A6020,0,164,164,
libra,157,0,157,
ks01ltexx,123,0,123,
chiron,111,0,111,
helium,99,0,99,
jalebi,94,0,94,
nx512j,16,77,93,
lithium,75,0,75,
cancro,73,1,74,
hltetmo,57,0,57,
cedric,29,21,50,
albus,0,44,44,
scale,0,42,42,
ham,33,0,33,
fajita,30,0,30,
wt88047,0,30,30,
dipper,30,0,30,
rosy,8,22,30,
hltekor,23,0,23,
wayne,0,19,19,
z3tc,0,18,18,
hltechn,16,0,16,
lizard,0,13,13,
z3tcw,0,11,11,
X00T,11,0,11,
klte,10,0,10,
m8,5,2,7,
rimo02a,7,0,7,
marlin,5,0,5,
riva,5,0,5,
Z00T,5,0,5,
Z00L,4,0,4,
serranovelte,3,1,4,
harpia,4,0,4,
,3,0,3,
hi6250,3,0,3,
honami,0,2,2,
osprey,1,1,2,
G36C1H,1,0,1,
oneplus6,1,0,1,
JTAHolic,1,0,1,
x,1,0,1,
herolte,0,1,1,
clover,1,0,1,
payton,1,0,1,
santoni_port_from_mido,1,0,1,
rendang,1,0,1,
v2.0_markw,1,0,1,
santoni_userdebug,1,0,1,
pme,1,0,1,
GSI,409,86,495,
